Round,Rep_Nominatim,Rep_BigDataCloud,Rep_GeocodeMaps,Rep_OpenCage_Outlier,Majority_Verified,Weighted_Verified
1,1,1,1,0.8,PASS,PASS
2,1,1,1,0.64,PASS,PASS
3,1,1,1,0.512,PASS,PASS
4,1,1,1,0.4096,PASS,PASS
5,1,1,1,0.3277,PASS,PASS
6,1,1,1,0.2622,PASS,PASS
7,1,1,1,0.2098,PASS,PASS
8,1,1,1,0.1678,PASS,PASS
9,1,1,1,0.1342,PASS,PASS
10,1,1,1,0.1074,PASS,PASS
11,1,1,1,0.0859,PASS,PASS
12,1,1,1,0.0687,PASS,PASS
13,1,1,1,0.055,PASS,PASS
14,1,1,1,0.044,PASS,PASS
15,1,1,1,0.0352,PASS,PASS
16,1,1,1,0.0282,PASS,PASS
17,1,1,1,0.0226,PASS,PASS
18,1,1,1,0.0181,PASS,PASS
19,1,1,1,0.0145,PASS,PASS
20,1,1,1,0.0116,PASS,PASS